layer,n_features,n_train,n_test,rmse,mae,r2
L1_structural,3,1342,217,93803.33441675326,31592.048442413696,0.5874527490112402
L2_policy,7,1342,217,89748.05258460216,28940.097977032292,0.6223519799901533
L3_macro,10,1342,217,53300.10320314631,19475.785063637468,0.8668033676834901
L4_lagged,12,1342,217,56600.02233578161,17644.446509574285,0.8497998557572034
