year,beta,se,t_stat
2014,0.8461555321632341,0.12477095567980223,6.781670682516129
2015,0.8022974114378201,0.17294891785830732,4.638927039110601
2016,0.9010477603956488,0.015505078580911484,58.11307280344526
2017,0.9249144339324102,0.1315371551490049,7.031583075403066
