{
  "beta_import": -4.09369471085977,
  "beta_export": -0.0038724824706584116,
  "ratio": 0.0009459626924268373,
  "delta_exp_minus_1_pct": 97.94575048775536,
  "cis_overlap": false,
  "import_ci_95_low": -4.436027033301776,
  "import_ci_95_high": -3.993701839151615,
  "export_ci_95_low": -0.10907424973581037,
  "export_ci_95_high": 0.09835910838379291,
  "import_exp_minus_1_pct": -98.33224989573087,
  "export_exp_minus_1_pct": -0.38649940797550464,
  "import_exp_ci_low_pct": -98.81571033896374,
  "import_exp_ci_high_pct": -98.15686422460068,
  "export_exp_ci_low_pct": -10.333616202657026,
  "export_exp_ci_high_pct": 10.335893941856146,
  "n_import_did": 60,
  "n_export_did": 60,
  "treatment_year": 2019,
  "treated_iso2": "XS",
  "control_iso2": [
    "AL",
    "MK",
    "ME"
  ]
}