{
  "seeds": [
    42,
    142,
    242
  ],
  "per_seed_combined": {
    "42": {
      "rmse": 56600.02233578161,
      "mae": 17644.446509574285,
      "r2": 0.8497998557572034,
      "n": 217
    },
    "142": {
      "rmse": 56600.02233578161,
      "mae": 17644.446509574285,
      "r2": 0.8497998557572034,
      "n": 217
    },
    "242": {
      "rmse": 56600.02233578161,
      "mae": 17644.446509574285,
      "r2": 0.8497998557572034,
      "n": 217
    }
  },
  "rmse_mean": 56600.02233578161,
  "rmse_std": 0.0,
  "rmse_min": 56600.02233578161,
  "rmse_max": 56600.02233578161,
  "mae_mean": 17644.446509574285,
  "mae_std": 0.0
}