{
  "status": "ok",
  "beta": -4.368988319779829,
  "se": 0.048111617478225475,
  "t": -90.80942501584282,
  "n": 28,
  "n_partners": 4,
  "year_range": [
    2015,
    2021
  ]
}